{
  "Use Non-ASCII Font": false,
  "Tags": [],
  "Ansi 12 Color": {
    "Green Component": 0.49019607843137253,
    "Blue Component": 0.48627450980392156,
    "Red Component": 0.50196078431372548
  },
  "Ansi 2 Color": {
    "Green Component": 0.63529411764705879,
    "Blue Component": 0.32156862745098042,
    "Red Component": 0.0039215686274509803
  },
  "Normal Font": "Input 12",
  "Bold Color": {
    "Green Component": 0.63529411764705879,
    "Blue Component": 0.63529411764705879,
    "Red Component": 0.6470588235294118
  },
  "Link Color": {
    "Red Component": 0,
    "Color Space": "sRGB",
    "Blue Component": 0.73423302173614502,
    "Alpha Component": 1,
    "Green Component": 0.35916060209274292
  },
  "Ansi 4 Color": {
    "Green Component": 0.62745098039215685,
    "Blue Component": 0.89411764705882357,
    "Red Component": 0.0039215686274509803
  },
  "Right Option Key Sends": 0,
  "Rows": 50,
  "Default Bookmark": "No",
  "Cursor Guide Color": {
    "Red Component": 0.70213186740875244,
    "Color Space": "sRGB",
    "Blue Component": 1,
    "Alpha Component": 0.25,
    "Green Component": 0.9268307089805603
  },
  "Non-ASCII Anti Aliased": true,
  "Use Bright Bold": true,
  "Ansi 10 Color": {
    "Green Component": 0.20392156862745098,
    "Blue Component": 0.19607843137254902,
    "Red Component": 0.22745098039215686
  },
  "Ambiguous Double Width": false,
  "Jobs to Ignore": ["rlogin", "ssh", "slogin", "telnet"],
  "Ansi 15 Color": {
    "Green Component": 0.96862745098039216,
    "Blue Component": 0.96862745098039216,
    "Red Component": 0.96862745098039216
  },
  "Foreground Color": {
    "Green Component": 0.63529411764705879,
    "Blue Component": 0.63529411764705879,
    "Red Component": 0.6470588235294118
  },
  "Working Directory": "/Users/timothychang",
  "Blinking Cursor": false,
  "Disable Window Resizing": true,
  "Sync Title": false,
  "Prompt Before Closing 2": false,
  "BM Growl": true,
  "Command": "",
  "Description": "Default",
  "Mouse Reporting": true,
  "Screen": -1,
  "Selection Color": {
    "Green Component": 0.27058823529411763,
    "Blue Component": 0.2627450980392157,
    "Red Component": 0.29019607843137257
  },
  "Columns": 160,
  "Idle Code": 0,
  "Ansi 13 Color": {
    "Green Component": 0.83529411764705885,
    "Blue Component": 0.83137254901960789,
    "Red Component": 0.83921568627450982
  },
  "Custom Command": "No",
  "ASCII Anti Aliased": true,
  "Non Ascii Font": "Monaco 12",
  "Vertical Spacing": 1,
  "Use Bold Font": true,
  "Option Key Sends": 0,
  "Selected Text Color": {
    "Green Component": 0.63529411764705879,
    "Blue Component": 0.63529411764705879,
    "Red Component": 0.6470588235294118
  },
  "Background Color": {
    "Green Component": 0.011764705882352941,
    "Blue Component": 0,
    "Red Component": 0.035294117647058823
  },
  "Character Encoding": 4,
  "Ansi 11 Color": {
    "Green Component": 0.27058823529411763,
    "Blue Component": 0.2627450980392157,
    "Red Component": 0.29019607843137257
  },
  "Use Italic Font": true,
  "Unlimited Scrollback": false,
  "Keyboard Map": {
    "0xf700-0x260000": {
      "Text": "[1;6A",
      "Action": 10
    },
    "0x37-0x40000": {
      "Text": "0x1f",
      "Action": 11
    },
    "0x32-0x40000": {
      "Text": "0x00",
      "Action": 11
    },
    "0xf709-0x20000": {
      "Text": "[17;2~",
      "Action": 10
    },
    "0xf70c-0x20000": {
      "Text": "[20;2~",
      "Action": 10
    },
    "0xf729-0x20000": {
      "Text": "[1;2H",
      "Action": 10
    },
    "0xf72b-0x40000": {
      "Text": "[1;5F",
      "Action": 10
    },
    "0xf705-0x20000": {
      "Text": "[1;2Q",
      "Action": 10
    },
    "0xf703-0x260000": {
      "Text": "[1;6C",
      "Action": 10
    },
    "0xf700-0x220000": {
      "Text": "[1;2A",
      "Action": 10
    },
    "0xf701-0x280000": {
      "Text": "0x1b 0x1b 0x5b 0x42",
      "Action": 11
    },
    "0x38-0x40000": {
      "Text": "0x7f",
      "Action": 11
    },
    "0x33-0x40000": {
      "Text": "0x1b",
      "Action": 11
    },
    "0xf703-0x220000": {
      "Text": "[1;2C",
      "Action": 10
    },
    "0xf701-0x240000": {
      "Text": "[1;5B",
      "Action": 10
    },
    "0xf70d-0x20000": {
      "Text": "[21;2~",
      "Action": 10
    },
    "0xf702-0x260000": {
      "Text": "[1;6D",
      "Action": 10
    },
    "0xf729-0x40000": {
      "Text": "[1;5H",
      "Action": 10
    },
    "0xf706-0x20000": {
      "Text": "[1;2R",
      "Action": 10
    },
    "0x34-0x40000": {
      "Text": "0x1c",
      "Action": 11
    },
    "0xf700-0x280000": {
      "Text": "0x1b 0x1b 0x5b 0x41",
      "Action": 11
    },
    "0x2d-0x40000": {
      "Text": "0x1f",
      "Action": 11
    },
    "0xf70e-0x20000": {
      "Text": "[23;2~",
      "Action": 10
    },
    "0xf702-0x220000": {
      "Text": "[1;2D",
      "Action": 10
    },
    "0xf703-0x280000": {
      "Text": "0x1b 0x1b 0x5b 0x43",
      "Action": 11
    },
    "0xf700-0x240000": {
      "Text": "[1;5A",
      "Action": 10
    },
    "0xf707-0x20000": {
      "Text": "[1;2S",
      "Action": 10
    },
    "0xf70a-0x20000": {
      "Text": "[18;2~",
      "Action": 10
    },
    "0x35-0x40000": {
      "Text": "0x1d",
      "Action": 11
    },
    "0xf70f-0x20000": {
      "Text": "[24;2~",
      "Action": 10
    },
    "0xf703-0x240000": {
      "Text": "[1;5C",
      "Action": 10
    },
    "0xf701-0x260000": {
      "Text": "[1;6B",
      "Action": 10
    },
    "0xf702-0x280000": {
      "Text": "0x1b 0x1b 0x5b 0x44",
      "Action": 11
    },
    "0xf72b-0x20000": {
      "Text": "[1;2F",
      "Action": 10
    },
    "0x36-0x40000": {
      "Text": "0x1e",
      "Action": 11
    },
    "0xf708-0x20000": {
      "Text": "[15;2~",
      "Action": 10
    },
    "0xf701-0x220000": {
      "Text": "[1;2B",
      "Action": 10
    },
    "0xf70b-0x20000": {
      "Text": "[19;2~",
      "Action": 10
    },
    "0xf702-0x240000": {
      "Text": "[1;5D",
      "Action": 10
    },
    "0xf704-0x20000": {
      "Text": "[1;2P",
      "Action": 10
    }
  },
  "Window Type": 0,
  "Background Image Location": "",
  "Blur": false,
  "Badge Color": {
    "Red Component": 1,
    "Color Space": "sRGB",
    "Blue Component": 0,
    "Alpha Component": 0.5,
    "Green Component": 0.1491314172744751
  },
  "Scrollback Lines": 1000,
  "Send Code When Idle": false,
  "Close Sessions On End": true,
  "Terminal Type": "xterm-256color",
  "Visual Bell": true,
  "Flashing Bell": true,
  "Silence Bell": true,
  "Ansi 14 Color": {
    "Green Component": 0.6705882352941176,
    "Blue Component": 0.32549019607843138,
    "Red Component": 0.80392156862745101
  },
  "Name": "Default",
  "Cursor Text Color": {
    "Green Component": 0.011764705882352941,
    "Blue Component": 0,
    "Red Component": 0.035294117647058823
  },
  "Shortcut": "",
  "Cursor Color": {
    "Green Component": 0.63529411764705879,
    "Blue Component": 0.63529411764705879,
    "Red Component": 0.6470588235294118
  },
  "Ansi 0 Color": {
    "Green Component": 0.011764705882352941,
    "Blue Component": 0,
    "Red Component": 0.035294117647058823
  },
  "Guid": "42E6481B-8781-4473-9A85-9AD851B37569",
  "Ansi 1 Color": {
    "Green Component": 0.17647058823529413,
    "Blue Component": 0.12549019607843137,
    "Red Component": 0.85882352941176465
  },
  "Custom Directory": "No",
  "Horizontal Spacing": 1,
  "Ansi 5 Color": {
    "Green Component": 0.41568627450980394,
    "Blue Component": 0.58039215686274515,
    "Red Component": 0.63137254901960782
  },
  "Ansi 6 Color": {
    "Green Component": 0.89411764705882357,
    "Blue Component": 0.95686274509803926,
    "Red Component": 0.70980392156862748
  },
  "Ansi 7 Color": {
    "Green Component": 0.63529411764705879,
    "Blue Component": 0.63529411764705879,
    "Red Component": 0.6470588235294118
  },
  "Ansi 8 Color": {
    "Green Component": 0.34509803921568627,
    "Blue Component": 0.33333333333333331,